[{
    "id": 1,
    "task": "Bank",
    "complete": true
  }, {
    "id": 2,
    "task": "Tax filing",
    "complete": true
  }, {
    "id": 3,
    "task": "Water to Plants",
    "complete": false
  }, {
    "id": 4,
    "task": "Groceries",
    "complete": true
  }, {
    "id": 5,
    "task": "Pay bills",
    "complete": false
  }, {
    "id": 6,
    "task": "RTO Office",
    "complete": true
  }, {
    "id": 7,
    "task": "Go for walk",
    "complete": true
  }, {
    "id": 8,
    "task": "call vinit",
    "complete": false
  }, {
    "id": 9,
    "task": "Fruits and dry fruits",
    "complete": true
  }, {
    "id": 10,
    "task": "IELTS",
    "complete": false
  }]